<?xml version="1.0" encoding="UTF-8"?>
<project-private xmlns="http://www.netbeans.org/ns/project-private/1">
    <editor-bookmarks xmlns="http://www.netbeans.org/ns/editor-bookmarks/2" lastBookmarkId="0"/>
    <open-files xmlns="http://www.netbeans.org/ns/projectui-open-files/2">
        <group>
            <file>file:/C:/Users/sazo/Documents/Sistema_Control_Inventario/src/sistema_control_inventario/InformesEstadisticas.java</file>
            <file>file:/C:/Users/sazo/Documents/Sistema_Control_Inventario/src/sistema_control_inventario/ControlInventario.java</file>
            <file>file:/C:/Users/sazo/Documents/Sistema_Control_Inventario/src/sistema_control_inventario/Autenticacion.java</file>
            <file>file:/C:/Users/sazo/Documents/Sistema_Control_Inventario/src/sistema_control_inventario/PedidosCompra.java</file>
            <file>file:/C:/Users/sazo/Documents/Sistema_Control_Inventario/src/sistema_control_inventario/GestorProductos.java</file>
            <file>file:/C:/Users/sazo/Documents/Sistema_Control_Inventario/src/sistema_control_inventario/MenuPrincipal.java</file>
        </group>
    </open-files>
</project-private>
